symbolic_path, target_path
U0/M0/F01.src/ml_feature.tcl,../../../work.Part_0/U0_M0_F1/ml_feature.tcl
U0/M0/F00.src/design_default_pclk.zdc,../../../work.Part_0/U0_M0_F0_default_pclk.xdc
U0/M0/F01.src/design_default_pclk.zdc,../../../work.Part_0/U0_M0_F1_default_pclk.xdc
U0/M0/F01.src/from_core,../../../work.Part_0/tools/to_zNetgen
./tools/zPar/design_fpga/U0_M0_F1,../../../U0/M0/F01
U0/M0/F01.src/from_backend,../../../tools/to_zNetgen
U0/M0/F00.src/from_backend,../../../tools/to_zNetgen
U0/M0/F01.src/fpga.edf.gz,../../../work.Part_0/edif/U0_M0_F1.edf.gz
U0/M0/F00.src/from_core,../../../work.Part_0/tools/to_zNetgen
U0/M0/F01.src/design_soft_pclk.zdc,../../../work.Part_0/U0_M0_F1_soft_pclk.xdc
./tools/zPar/design_fpga/U0_M0_F0,../../../U0/M0/F00
U0/M0/F00.src/design_soft_pclk.zdc,../../../work.Part_0/U0_M0_F0_soft_pclk.xdc
U0/M0/F00.src/fpga.edf.gz,../../../work.Part_0/edif/U0_M0_F0.edf.gz
U0/M0/F00.src/ml_feature.tcl,../../../work.Part_0/U0_M0_F0/ml_feature.tcl
